year,pop,pop_density
2020,2389813.0,21980.547073323276
2021,2328286.0,21414.646260255326
2022,2285640.0,21022.405356682975
2023,2294682.0,21105.57006732644
2024,2316841.0,21309.37971377065
